ext_id,strategy_name,asset_class,feasibility,novelty,primary_disposition,secondary_dispositions,native_readiness,population_tier,direction,direction_supported,effective_blockers,mechanism,relations,missing,reason
EXT-001,Gaussian Naive Bayes Model,Equities,NEEDS_ML_OR_ALT_DATA_FRAMEWORK,GENUINELY_NEW,FUTURE_ML_OR_FACTORY,NEEDS_SHORT_OR_HEDGE,NOT_EXECUTABLE_IN_M1,,LONG_SHORT,False,LS,ML_DIRECTIONAL,neighbor:SHORT_WAVE_02,lookback;features;probability threshold,ML classifier on sector constituents; no ML framework or PIT constituent authority
EXT-002,News Sentiment to Predict Drug-Manufacturer Price Direction,Equities,NEEDS_ML_OR_ALT_DATA_FRAMEWORK,GENUINELY_NEW,FUTURE_ML_OR_FACTORY,NEEDS_NON_OHLCV_DATA;NEEDS_SHORT_OR_HEDGE,NOT_EXECUTABLE_IN_M1,,LONG_SHORT,False,LDS,NEWS_SENTIMENT,,news source and timestamps;sentiment threshold;holding period,timestamped news plus intraday prices are alternative data
EXT-003,SVM Wavelet Forecasting EURJPY,FX,NEEDS_FUTURE_ASSET_SUPPORT,GENUINELY_NEW,FUTURE_MULTI_ASSET,FUTURE_ML_OR_FACTORY;NEEDS_SHORT_OR_HEDGE,NOT_EXECUTABLE_IN_M1,,LONG_SHORT,False,FLS,ML_FORECAST,,wavelet and SVM settings;forecast threshold,FX instrument and ML model
EXT-004,Gradient Boosting Intraday Return Model,Equities,NEEDS_ML_OR_ALT_DATA_FRAMEWORK,GENUINELY_NEW,FUTURE_ML_OR_FACTORY,NEEDS_NON_OHLCV_DATA;NEEDS_SHORT_OR_HEDGE,NOT_EXECUTABLE_IN_M1,,LONG_SHORT,False,LDS,ML_DIRECTIONAL,,features;tree settings;threshold,ML on intraday bars
EXT-005,G-Score Investing,Equities,NEEDS_ADDITIONAL_AUTHORITATIVE_DATA,GENUINELY_NEW,NEEDS_NON_OHLCV_DATA,NEEDS_MULTI_SYMBOL_ENGINE;NEEDS_SHORT_OR_HEDGE,MISSING_AUTHORITATIVE_DATA,,LONG_ONLY,True,DPS,FUNDAMENTAL_QUALITY,,G-Score components;rank cutoffs,point-in-time fundamentals and cross-sectional ranking
EXT-006,Optimal Pairs Trading,Equities,NEEDS_MULTI_SYMBOL_PORTFOLIO_ENGINE,GENUINELY_NEW,NEEDS_MULTI_SYMBOL_ENGINE,NEEDS_SHORT_OR_HEDGE,NOT_EXECUTABLE_IN_M1,,MARKET_NEUTRAL,False,PS,PAIRS_OU,,spread model;entry boundaries;hedge ratio,two-leg pair rule
EXT-007,Intraday Arbitrage Between Index ETFs,ETFs,NEEDS_ADDITIONAL_AUTHORITATIVE_DATA,GENUINELY_NEW,NEEDS_NON_OHLCV_DATA,NEEDS_MULTI_SYMBOL_ENGINE;NEEDS_SHORT_OR_HEDGE,MISSING_AUTHORITATIVE_DATA,,MARKET_NEUTRAL,False,DPS,PAIRS_INTRADAY_ETF,neighbor:EXT-047,pair choice;divergence threshold,intraday two-leg relative value
EXT-008,Ichimoku Clouds in Energy Sector,Equities,NEEDS_SHORT_OR_BORROW_AUTHORITY,SEMANTIC_VARIANT,NEEDS_SHORT_OR_HEDGE,ADJACENT_TO_REJECTED;INSUFFICIENTLY_SPECIFIED,REQUIRES_NEW_POLICY,,LONG_SHORT,False,SU,TREND_ICHIMOKU,sem:S03;sem:S04;adj:dual_sma_50_200_trend,Tenkan/Kijun/Senkou periods;signal choice;timeframe;stock universe,price-only trend state; periods not stated
EXT-009,Temporal CNN Stock Forecast,Equities,NEEDS_ML_OR_ALT_DATA_FRAMEWORK,GENUINELY_NEW,FUTURE_ML_OR_FACTORY,NEEDS_SHORT_OR_HEDGE,NOT_EXECUTABLE_IN_M1,,LONG_SHORT,False,LS,ML_FORECAST,,window length;network;threshold,neural forecaster
EXT-010,Leveraged ETFs with SMA Risk Management,Leveraged ETFs,INSUFFICIENTLY_SPECIFIED,PARAMETER_VARIANT,PARAMETER_VARIANT_OF_TESTED,INSUFFICIENTLY_SPECIFIED,INSUFFICIENT_SPEC,,LONG_FLAT,True,U,TREND_PRICE_VS_SMA,param:trend_sma50;param:S02,SMA length;leveraged ETF list;rebalance cadence,price-vs-SMA gate; only the instrument class differs from the rejected rule
EXT-011,Intraday ETF Momentum,ETFs,NEEDS_ADDITIONAL_AUTHORITATIVE_DATA,GENUINELY_NEW,NEEDS_NON_OHLCV_DATA,NEEDS_MULTI_SYMBOL_ENGINE;NEEDS_SHORT_OR_HEDGE,MISSING_AUTHORITATIVE_DATA,,LONG_SHORT,False,DPS,INTRADAY_OPEN_MOMENTUM,,opening window;return threshold or rank,intraday opening-return ranking
EXT-012,Momentum in Mutual Fund Returns,Equities,NEEDS_MULTI_SYMBOL_PORTFOLIO_ENGINE,SEMANTIC_VARIANT,NEEDS_MULTI_SYMBOL_ENGINE,NEEDS_SHORT_OR_HEDGE;ADJACENT_TO_REJECTED,NOT_EXECUTABLE_IN_M1,,LONG_SHORT,False,PS,CS_MOMENTUM_NEARHIGH,adj:absolute_momentum_252;adj:near_high_momentum_252_3pct;adj:S01;adj:S10,ROC window;nearness metric;rank cutoff,cross-sectional momentum plus high proximity
EXT-013,Residual Momentum,Equities,NEEDS_ADDITIONAL_AUTHORITATIVE_DATA,SEMANTIC_VARIANT,NEEDS_NON_OHLCV_DATA,NEEDS_MULTI_SYMBOL_ENGINE;NEEDS_SHORT_OR_HEDGE;ADJACENT_TO_REJECTED,MISSING_AUTHORITATIVE_DATA,,LONG_SHORT,False,DPS,CS_RESIDUAL_MOMENTUM,adj:absolute_momentum_252;adj:S01,factor model;residual lookback,needs factor returns; momentum mechanism
EXT-014,Commodity Futures Trend Following,Futures,NEEDS_FUTURE_ASSET_SUPPORT,SEMANTIC_VARIANT,FUTURE_MULTI_ASSET,NEEDS_SHORT_OR_HEDGE;ADJACENT_TO_REJECTED,NOT_EXECUTABLE_IN_M1,,LONG_SHORT,False,FS,TS_MOMENTUM_FUT,adj:S01;adj:absolute_momentum_252,trend lookback;vol scaling,futures time-series trend
EXT-015,Price and Earnings Momentum,Equities,NEEDS_ADDITIONAL_AUTHORITATIVE_DATA,GENUINELY_NEW,NEEDS_NON_OHLCV_DATA,NEEDS_MULTI_SYMBOL_ENGINE;NEEDS_SHORT_OR_HEDGE,MISSING_AUTHORITATIVE_DATA,,LONG_SHORT,False,DPS,PRICE_EARNINGS_MOMENTUM,neighbor:S01,price lookback;earnings-growth metric;rank,needs point-in-time fundamentals
EXT-016,Improved Momentum on Commodity Futures,Futures,NEEDS_FUTURE_ASSET_SUPPORT,SEMANTIC_VARIANT,FUTURE_MULTI_ASSET,NEEDS_SHORT_OR_HEDGE;ADJACENT_TO_REJECTED,NOT_EXECUTABLE_IN_M1,,LONG_SHORT,False,FS,TS_MOMENTUM_FUT,adj:S01,weights;vol estimator;leverage cap,futures momentum
EXT-017,Expected Idiosyncratic Skewness,Equities,NEEDS_ADDITIONAL_AUTHORITATIVE_DATA,GENUINELY_NEW,NEEDS_NON_OHLCV_DATA,NEEDS_MULTI_SYMBOL_ENGINE;NEEDS_SHORT_OR_HEDGE,MISSING_AUTHORITATIVE_DATA,,LONG_ONLY,True,DPS,IDIO_SKEWNESS,,expected-skewness model;cutoff,factor model and fundamentals-grade data
EXT-018,Risk Premia in Forex Markets,FX,NEEDS_FUTURE_ASSET_SUPPORT,GENUINELY_NEW,FUTURE_MULTI_ASSET,NEEDS_NON_OHLCV_DATA;NEEDS_SHORT_OR_HEDGE,NOT_EXECUTABLE_IN_M1,,LONG_SHORT,False,FDS,FX_TAIL_RISK,,tail-risk metric;rank,FX spot/forward/rates
EXT-019,Standardized Unexpected Earnings,Equities,NEEDS_ADDITIONAL_AUTHORITATIVE_DATA,GENUINELY_NEW,NEEDS_NON_OHLCV_DATA,NEEDS_MULTI_SYMBOL_ENGINE;NEEDS_SHORT_OR_HEDGE,MISSING_AUTHORITATIVE_DATA,,LONG_ONLY,True,DPS,EARNINGS_SURPRISE,,SUE definition;rank,point-in-time earnings
EXT-020,Same-Calendar-Month Seasonality,Equities,NEEDS_MULTI_SYMBOL_PORTFOLIO_ENGINE,GENUINELY_NEW,NEEDS_MULTI_SYMBOL_ENGINE,NEEDS_SHORT_OR_HEDGE;INSUFFICIENTLY_SPECIFIED,NOT_EXECUTABLE_IN_M1,,LONG_SHORT,False,PSU,CS_SAME_MONTH_SEASONALITY,neighbor:S14,history years;rank buckets,cross-sectional seasonal rank; history length unstated
EXT-021,Mean-Reversion Statistical Arbitrage in Stocks,Equities,NEEDS_MULTI_SYMBOL_PORTFOLIO_ENGINE,GENUINELY_NEW,NEEDS_MULTI_SYMBOL_ENGINE,NEEDS_SHORT_OR_HEDGE,NOT_EXECUTABLE_IN_M1,,MARKET_NEUTRAL,False,PS,STATARB_RESIDUAL_MR,neighbor:S06,residual model;z-score;hedge ratios,basket/pair mean reversion
EXT-022,Fama-French Five Factors Stock Selection,Equities,NEEDS_ADDITIONAL_AUTHORITATIVE_DATA,GENUINELY_NEW,NEEDS_NON_OHLCV_DATA,NEEDS_MULTI_SYMBOL_ENGINE;NEEDS_SHORT_OR_HEDGE,MISSING_AUTHORITATIVE_DATA,,LONG_SHORT,False,DPS,MULTI_FACTOR_FUNDAMENTAL,,factor definitions;ranks,FF5 characteristics need fundamentals
EXT-023,QC 'Time Series Momentum Effect' Page-Mismatch Candidate,Equities,NEEDS_ADDITIONAL_AUTHORITATIVE_DATA,UNKNOWN_NEEDS_REVIEW,INSUFFICIENTLY_SPECIFIED,NEEDS_NON_OHLCV_DATA;NEEDS_MULTI_SYMBOL_ENGINE,MISSING_AUTHORITATIVE_DATA,,LONG_ROTATION,False,DPU,SIZE_ROTATION_SEASONAL,,signal rule;market-cap breakpoint,the catalog itself flags a source-page mismatch; open the article first
EXT-024,VIX Percentile Predicts Stock Index Returns,Equity Index ETFs,NEEDS_ADDITIONAL_AUTHORITATIVE_DATA,GENUINELY_NEW,NEEDS_NON_OHLCV_DATA,NEEDS_SHORT_OR_HEDGE,MISSING_AUTHORITATIVE_DATA,,LONG_SHORT,False,DS,VIX_PERCENTILE_TIMING,,percentile thresholds;exit rule,requires a VIX series; no VIX data authority exists
EXT-025,Price-Earnings Anomaly,Equities,NEEDS_ADDITIONAL_AUTHORITATIVE_DATA,GENUINELY_NEW,NEEDS_NON_OHLCV_DATA,NEEDS_MULTI_SYMBOL_ENGINE;NEEDS_SHORT_OR_HEDGE,MISSING_AUTHORITATIVE_DATA,,LONG_ONLY,True,DPS,VALUE_PE,,P/E definition;rank,fundamentals
EXT-026,Beta Factor in Country Equity Indexes,Country ETFs,NEEDS_MULTI_SYMBOL_PORTFOLIO_ENGINE,SEMANTIC_VARIANT,NEEDS_MULTI_SYMBOL_ENGINE,NEEDS_SHORT_OR_HEDGE;ADJACENT_TO_REJECTED,NOT_EXECUTABLE_IN_M1,,LONG_SHORT,False,PS,CS_LOW_BETA,adj:DISCOVERY_01,beta lookback;benchmark;weights,"cross-sectional low-risk anomaly, adjacent to the rejected low-volatility wave"
EXT-027,Value Effect within Countries,Country ETFs,NEEDS_ADDITIONAL_AUTHORITATIVE_DATA,GENUINELY_NEW,NEEDS_NON_OHLCV_DATA,NEEDS_MULTI_SYMBOL_ENGINE,MISSING_AUTHORITATIVE_DATA,,LONG_ONLY,True,DP,CAPE_VALUE,,CAPE source;terciles,valuation data not available
EXT-028,Momentum in Stocks - Small Portfolios,Equities,NEEDS_MULTI_SYMBOL_PORTFOLIO_ENGINE,SEMANTIC_VARIANT,NEEDS_MULTI_SYMBOL_ENGINE,NEEDS_SHORT_OR_HEDGE;ADJACENT_TO_REJECTED,NOT_EXECUTABLE_IN_M1,,LONG_SHORT,False,PS,CS_MOMENTUM,adj:absolute_momentum_252;adj:S01,12m return;top/bottom 10,cross-sectional 12-month momentum
EXT-029,12-Month Cycle in Cross-Section of Stock Returns,Equities,NEEDS_MULTI_SYMBOL_PORTFOLIO_ENGINE,GENUINELY_NEW,NEEDS_MULTI_SYMBOL_ENGINE,NEEDS_SHORT_OR_HEDGE,NOT_EXECUTABLE_IN_M1,,LONG_SHORT,False,PS,CS_12M_CYCLE_SEASONAL,neighbor:S14,January-return rank;deciles,cross-sectional seasonal rank
EXT-030,Beta Factors in Stocks,Equities,NEEDS_MULTI_SYMBOL_PORTFOLIO_ENGINE,SEMANTIC_VARIANT,NEEDS_MULTI_SYMBOL_ENGINE,NEEDS_SHORT_OR_HEDGE;ADJACENT_TO_REJECTED,NOT_EXECUTABLE_IN_M1,,LONG_SHORT,False,PS,CS_LOW_BETA,adj:DISCOVERY_01,beta lookback;benchmark;weights,low-beta anomaly
EXT-031,VIX Futures Term Structure with ES Hedge,Futures,NEEDS_FUTURE_ASSET_SUPPORT,GENUINELY_NEW,FUTURE_MULTI_ASSET,NEEDS_SHORT_OR_HEDGE,NOT_EXECUTABLE_IN_M1,,LONG_SHORT,False,FS,VIX_FUTURES_CARRY,,roll metric;hedge ratio,VIX futures and ES hedge
EXT-032,Pre-Holiday Effect,Equities,M1_READY_SINGLE_SYMBOL_LONG_FLAT_DAILY_OHLCV,GENUINELY_NEW,M1_EQUITY_ETF_HYPOTHESIS,,NEW_ENGINE_NEEDED,A,LONG_FLAT,True,,CAL_PRE_HOLIDAY,neighbor:turn_of_month_last1_first3;neighbor:halloween_nov_apr;neighbor:S14,,long the two sessions before each exchange holiday; window length and holiday source are stated; session-calendar convention fixed at predeclaration
EXT-033,Short-Term Reversal with Futures,Futures,NEEDS_FUTURE_ASSET_SUPPORT,GENUINELY_NEW,FUTURE_MULTI_ASSET,NEEDS_MULTI_SYMBOL_ENGINE;NEEDS_SHORT_OR_HEDGE,NOT_EXECUTABLE_IN_M1,,LONG_SHORT,False,FPS,CS_REVERSAL_FUT,,volume and open-interest screens,futures cross-section
EXT-034,Momentum Combined with Volume,Equities,NEEDS_MULTI_SYMBOL_PORTFOLIO_ENGINE,SEMANTIC_VARIANT,NEEDS_MULTI_SYMBOL_ENGINE,NEEDS_SHORT_OR_HEDGE;ADJACENT_TO_REJECTED,NOT_EXECUTABLE_IN_M1,,LONG_SHORT,False,PS,CS_MOMENTUM_VOLUME,adj:absolute_momentum_252;adj:S12,momentum rank;volume rank,momentum with volume rank
EXT-035,Lunar Cycle in Emerging-Market Equity,ETFs,NEEDS_ADDITIONAL_AUTHORITATIVE_DATA,GENUINELY_NEW,NEEDS_NON_OHLCV_DATA,NEEDS_SHORT_OR_HEDGE,MISSING_AUTHORITATIVE_DATA,,LONG_SHORT,False,DS,LUNAR_CYCLE,,lunar calendar authority,requires an astronomical calendar authority that MQD does not hold
EXT-036,ROA Effect within Stocks,Equities,NEEDS_ADDITIONAL_AUTHORITATIVE_DATA,GENUINELY_NEW,NEEDS_NON_OHLCV_DATA,NEEDS_MULTI_SYMBOL_ENGINE;NEEDS_SHORT_OR_HEDGE,MISSING_AUTHORITATIVE_DATA,,LONG_SHORT,False,DPS,QUALITY_ROA,,ROA definition;size buckets,fundamentals
EXT-037,January Barometer,Equity ETF + T-Bills,INSUFFICIENTLY_SPECIFIED,GENUINELY_NEW,INSUFFICIENTLY_SPECIFIED,,INSUFFICIENT_SPEC,B,LONG_FLAT,True,U,CAL_JANUARY_BAROMETER,neighbor:halloween_nov_apr;neighbor:S01,January-return measurement window;holding start and end;cash proxy,annual state from one calendar month; definitions not stated
EXT-038,Momentum + Reversal + Volatility,Equities,NEEDS_MULTI_SYMBOL_PORTFOLIO_ENGINE,SEMANTIC_VARIANT,NEEDS_MULTI_SYMBOL_ENGINE,NEEDS_SHORT_OR_HEDGE;ADJACENT_TO_REJECTED,NOT_EXECUTABLE_IN_M1,,LONG_SHORT,False,PS,CS_MOMENTUM_REVERSAL_VOL,adj:absolute_momentum_252,vol rank;performance rank,cross-sectional momentum within a volatility group
EXT-039,Pairs Trading: Copula vs Cointegration,Equities,NEEDS_MULTI_SYMBOL_PORTFOLIO_ENGINE,GENUINELY_NEW,NEEDS_MULTI_SYMBOL_ENGINE,NEEDS_SHORT_OR_HEDGE,NOT_EXECUTABLE_IN_M1,,MARKET_NEUTRAL,False,PS,PAIRS_COPULA,,copula family;z-score,pairs
EXT-040,Earnings Quality Factor,Equities,NEEDS_ADDITIONAL_AUTHORITATIVE_DATA,GENUINELY_NEW,NEEDS_NON_OHLCV_DATA,NEEDS_MULTI_SYMBOL_ENGINE;NEEDS_SHORT_OR_HEDGE,MISSING_AUTHORITATIVE_DATA,,LONG_SHORT,False,DPS,EARNINGS_QUALITY,,quality components;weights,fundamentals
EXT-041,QC 'January Effect in Stocks' Page-Mismatch Candidate,Multi-Asset,NEEDS_FUTURE_ASSET_SUPPORT,UNKNOWN_NEEDS_REVIEW,INSUFFICIENTLY_SPECIFIED,FUTURE_MULTI_ASSET,NOT_EXECUTABLE_IN_M1,,UNKNOWN,False,FU,MANUAL_REVIEW,,signal not stated,the catalog itself flags a source-page mismatch; no rule is stated
EXT-042,WTI-Brent Spread Mean Reversion,Futures,NEEDS_FUTURE_ASSET_SUPPORT,GENUINELY_NEW,FUTURE_MULTI_ASSET,NEEDS_SHORT_OR_HEDGE,NOT_EXECUTABLE_IN_M1,,MARKET_NEUTRAL,False,FS,COMMODITY_SPREAD_MR,,hedge ratio,WTI-Brent futures spread
EXT-043,Momentum in REITs,REITs,NEEDS_MULTI_SYMBOL_PORTFOLIO_ENGINE,SEMANTIC_VARIANT,NEEDS_MULTI_SYMBOL_ENGINE,NEEDS_SHORT_OR_HEDGE;ADJACENT_TO_REJECTED,NOT_EXECUTABLE_IN_M1,,LONG_ONLY,True,PS,CS_MOMENTUM,adj:absolute_momentum_252,momentum lookback;terciles,REIT cross-sectional momentum
EXT-044,Option Expiration Week Effect,Equity ETF,INSUFFICIENTLY_SPECIFIED,GENUINELY_NEW,INSUFFICIENTLY_SPECIFIED,,INSUFFICIENT_SPEC,B,LONG_FLAT,True,U,CAL_OPEX_WEEK,neighbor:turn_of_month_last1_first3;neighbor:S14,expiration-week definition;window start and end day;holiday shift,options-expiration calendar is not an MQD authority and the week is not defined
EXT-045,Momentum + Style Rotation,Style ETFs,NEEDS_MULTI_SYMBOL_PORTFOLIO_ENGINE,SEMANTIC_VARIANT,NEEDS_MULTI_SYMBOL_ENGINE,NEEDS_SHORT_OR_HEDGE;ADJACENT_TO_REJECTED,NOT_EXECUTABLE_IN_M1,,LONG_SHORT,False,PS,CS_ROTATION_MOMENTUM,adj:absolute_momentum_252;adj:monthly_12_minus_1_abs_momentum_v1;adj:S01,12m total return;top-1 selection,style-ETF rotation needs a multi-symbol engine
EXT-046,Momentum with Market-State Filter,Equities,NEEDS_MULTI_SYMBOL_PORTFOLIO_ENGINE,COMPOSITE_OF_EXISTING,NEEDS_MULTI_SYMBOL_ENGINE,NEEDS_SHORT_OR_HEDGE;ADJACENT_TO_REJECTED,NOT_EXECUTABLE_IN_M1,,LONG_SHORT,False,PS,CS_MOMENTUM_MARKET_STATE,compo:absolute_momentum_252;adj:S01,6m momentum;12m index return,cross-sectional momentum gated by an absolute-momentum market state
EXT-047,Pairs Trading with Country ETFs,Country ETFs,NEEDS_MULTI_SYMBOL_PORTFOLIO_ENGINE,GENUINELY_NEW,NEEDS_MULTI_SYMBOL_ENGINE,NEEDS_SHORT_OR_HEDGE,NOT_EXECUTABLE_IN_M1,,MARKET_NEUTRAL,False,PS,PAIRS_COUNTRY_ETF,,pair selection;divergence threshold,pairs
EXT-048,Asset Growth Effect,Equities,NEEDS_ADDITIONAL_AUTHORITATIVE_DATA,GENUINELY_NEW,NEEDS_NON_OHLCV_DATA,NEEDS_MULTI_SYMBOL_ENGINE;NEEDS_SHORT_OR_HEDGE,MISSING_AUTHORITATIVE_DATA,,LONG_SHORT,False,DPS,ASSET_GROWTH,,annual asset change;rank,fundamentals
EXT-049,Accrual Anomaly,Equities,NEEDS_ADDITIONAL_AUTHORITATIVE_DATA,GENUINELY_NEW,NEEDS_NON_OHLCV_DATA,NEEDS_MULTI_SYMBOL_ENGINE;NEEDS_SHORT_OR_HEDGE,MISSING_AUTHORITATIVE_DATA,,LONG_SHORT,False,DPS,ACCRUAL,,accrual definition;deciles,fundamentals
EXT-050,Sentiment + Style Rotation,Style ETFs/Equities,NEEDS_ADDITIONAL_AUTHORITATIVE_DATA,GENUINELY_NEW,NEEDS_NON_OHLCV_DATA,NEEDS_MULTI_SYMBOL_ENGINE;NEEDS_SHORT_OR_HEDGE,MISSING_AUTHORITATIVE_DATA,,LONG_SHORT,False,DPS,SENTIMENT_STYLE_ROTATION,,sentiment measure;style definitions,sentiment series
EXT-051,Turn-of-the-Month SPY,ETF,M1_READY_SINGLE_SYMBOL_LONG_FLAT_DAILY_OHLCV,EXACT_DUPLICATE,DUPLICATE_OF_REGISTERED,,EXISTING_EXACT_ENGINE,,LONG_FLAT,True,,CAL_TURN_OF_MONTH,dup:turn_of_month_last1_first3;param:S14,,"buy the session before month-end, exit on the third session of the new month: last 1 plus first 3 sessions, the registered turn_of_month_last1_first3 on SPY"
EXT-052,Momentum - Short-Term Reversal Hybrid,Equities,NEEDS_MULTI_SYMBOL_PORTFOLIO_ENGINE,SEMANTIC_VARIANT,NEEDS_MULTI_SYMBOL_ENGINE,NEEDS_SHORT_OR_HEDGE;ADJACENT_TO_REJECTED,NOT_EXECUTABLE_IN_M1,,LONG_SHORT,False,PS,CS_MOMENTUM_REVERSAL,adj:absolute_momentum_252,winner/loser groups;short-term change,cross-sectional momentum-reversal hybrid
EXT-053,Paired Switching,Cross-Asset,NEEDS_MULTI_SYMBOL_PORTFOLIO_ENGINE,SEMANTIC_VARIANT,NEEDS_MULTI_SYMBOL_ENGINE,ADJACENT_TO_REJECTED,NOT_EXECUTABLE_IN_M1,,LONG_ROTATION,False,P,REL_MOMENTUM_ROTATION,adj:absolute_momentum_252;adj:monthly_multihorizon_abs_momentum_consensus_v1,lookback;pair definitions,two-asset relative momentum
EXT-054,Commodity Momentum + Term Structure,Futures,NEEDS_FUTURE_ASSET_SUPPORT,SEMANTIC_VARIANT,FUTURE_MULTI_ASSET,NEEDS_NON_OHLCV_DATA;NEEDS_SHORT_OR_HEDGE;ADJACENT_TO_REJECTED,NOT_EXECUTABLE_IN_M1,,LONG_SHORT,False,FDS,FUT_MOM_CARRY,adj:S01,1m momentum;roll return,futures curve
EXT-055,Gold Market Timing via Fed Model,Gold,NEEDS_ADDITIONAL_AUTHORITATIVE_DATA,GENUINELY_NEW,NEEDS_NON_OHLCV_DATA,,MISSING_AUTHORITATIVE_DATA,,LONG_FLAT,True,D,MACRO_FED_MODEL_GOLD,,earnings-yield source;bond-yield source,requires equity earnings yield and bond yield series
EXT-056,Book-to-Market Value Anomaly,Equities,NEEDS_ADDITIONAL_AUTHORITATIVE_DATA,GENUINELY_NEW,NEEDS_NON_OHLCV_DATA,NEEDS_MULTI_SYMBOL_ENGINE;NEEDS_SHORT_OR_HEDGE,MISSING_AUTHORITATIVE_DATA,,LONG_ONLY,True,DPS,VALUE_BM,,book value;quintiles,fundamentals
EXT-057,Commodity Term Structure Carry,Futures,NEEDS_FUTURE_ASSET_SUPPORT,GENUINELY_NEW,FUTURE_MULTI_ASSET,NEEDS_MULTI_SYMBOL_ENGINE;NEEDS_SHORT_OR_HEDGE,NOT_EXECUTABLE_IN_M1,,LONG_SHORT,False,FPS,COMMODITY_CARRY,,roll-return rank,futures curves
EXT-058,Overnight SPY Anomaly,ETF,NEEDS_NEW_EXECUTION_POLICY,GENUINELY_NEW,NEEDS_NEW_EXECUTION_POLICY,,REQUIRES_NEW_POLICY,,LONG_FLAT,True,X,OVERNIGHT_DRIFT,neighbor:delayed_overnight_gap_reversal_v1;neighbor:S08,close/open definition,buys the same bar's close and sells the next open; same-bar close fills are not an accepted execution policy
EXT-059,Small-Cap Premium,Equities,NEEDS_ADDITIONAL_AUTHORITATIVE_DATA,GENUINELY_NEW,NEEDS_NON_OHLCV_DATA,NEEDS_MULTI_SYMBOL_ENGINE;NEEDS_SHORT_OR_HEDGE,MISSING_AUTHORITATIVE_DATA,,LONG_ONLY,True,DPS,SIZE_PREMIUM,,market-cap ranking,point-in-time market cap
EXT-060,Commodity Futures Cross-Sectional Momentum,Futures,NEEDS_FUTURE_ASSET_SUPPORT,SEMANTIC_VARIANT,FUTURE_MULTI_ASSET,NEEDS_MULTI_SYMBOL_ENGINE;NEEDS_SHORT_OR_HEDGE;ADJACENT_TO_REJECTED,NOT_EXECUTABLE_IN_M1,,LONG_SHORT,False,FPS,CS_MOMENTUM_FUT,adj:absolute_momentum_252,lookback;ranks,futures cross-section
EXT-061,Volatility Risk Premium: Short ATM Straddle + OTM Put Hedge,Options,NEEDS_FUTURE_ASSET_SUPPORT,GENUINELY_NEW,FUTURE_MULTI_ASSET,NEEDS_NON_OHLCV_DATA,NOT_EXECUTABLE_IN_M1,,SHORT_VOL,False,FD,OPT_SHORT_STRADDLE_HEDGED,,strikes;hedge,options
EXT-062,Liquidity Effect in Stocks,Equities,NEEDS_ADDITIONAL_AUTHORITATIVE_DATA,SEMANTIC_VARIANT,NEEDS_NON_OHLCV_DATA,NEEDS_MULTI_SYMBOL_ENGINE;NEEDS_SHORT_OR_HEDGE;ADJACENT_TO_REJECTED,MISSING_AUTHORITATIVE_DATA,,LONG_SHORT,False,DPS,CS_LIQUIDITY,adj:WAVE06_LIQ01,turnover metric;size quartile,"liquidity factor, adjacent to the rejected Amihud wave"
EXT-063,Country Equity 36-Month Mean Reversion,Country ETFs,NEEDS_MULTI_SYMBOL_PORTFOLIO_ENGINE,GENUINELY_NEW,NEEDS_MULTI_SYMBOL_ENGINE,NEEDS_SHORT_OR_HEDGE,NOT_EXECUTABLE_IN_M1,,LONG_SHORT,False,PS,CS_LONG_HORIZON_REVERSAL,,36m return;ranks,cross-sectional country ETFs
EXT-064,Country Equity 12-Month Momentum,Country ETFs,NEEDS_MULTI_SYMBOL_PORTFOLIO_ENGINE,SEMANTIC_VARIANT,NEEDS_MULTI_SYMBOL_ENGINE,NEEDS_SHORT_OR_HEDGE;ADJACENT_TO_REJECTED,NOT_EXECUTABLE_IN_M1,,LONG_ROTATION,False,PS,CS_MOMENTUM_COUNTRY,adj:absolute_momentum_252;adj:S01,12m momentum,country-ETF rotation
EXT-065,Stock 12-Month Momentum,Equities,NEEDS_ADDITIONAL_AUTHORITATIVE_DATA,SEMANTIC_VARIANT,NEEDS_NON_OHLCV_DATA,NEEDS_MULTI_SYMBOL_ENGINE;NEEDS_SHORT_OR_HEDGE;ADJACENT_TO_REJECTED,MISSING_AUTHORITATIVE_DATA,,LONG_ONLY,True,DPS,CS_MOMENTUM,adj:absolute_momentum_252,12m return;universe,large-cap stock momentum
EXT-066,Forex Carry Trade,FX,NEEDS_FUTURE_ASSET_SUPPORT,GENUINELY_NEW,FUTURE_MULTI_ASSET,NEEDS_NON_OHLCV_DATA;NEEDS_SHORT_OR_HEDGE,NOT_EXECUTABLE_IN_M1,,LONG_SHORT,False,FDS,FX_CARRY,,policy rates,FX
EXT-067,Pairs Trading with Stocks (SSD),Equities,NEEDS_MULTI_SYMBOL_PORTFOLIO_ENGINE,GENUINELY_NEW,NEEDS_MULTI_SYMBOL_ENGINE,NEEDS_SHORT_OR_HEDGE,NOT_EXECUTABLE_IN_M1,,MARKET_NEUTRAL,False,PS,PAIRS_SSD,,formation window;SSD threshold,pairs
EXT-068,Asset-Class Momentum,ETFs,NEEDS_MULTI_SYMBOL_PORTFOLIO_ENGINE,SEMANTIC_VARIANT,NEEDS_MULTI_SYMBOL_ENGINE,ADJACENT_TO_REJECTED,NOT_EXECUTABLE_IN_M1,,LONG_ROTATION,False,P,CS_ROTATION_MOMENTUM,adj:absolute_momentum_252;adj:monthly_multihorizon_abs_momentum_consensus_v1,lookback;number selected,asset-class ETF rotation
EXT-069,Low-Volatility Stocks,Equities,NEEDS_MULTI_SYMBOL_PORTFOLIO_ENGINE,SEMANTIC_VARIANT,NEEDS_MULTI_SYMBOL_ENGINE,NEEDS_SHORT_OR_HEDGE;ADJACENT_TO_REJECTED,NOT_EXECUTABLE_IN_M1,,LONG_ONLY,True,PS,CS_LOW_VOL,adj:DISCOVERY_01,1y volatility;rank,"low-volatility anomaly, already rejected as a wave"
EXT-070,Sector Momentum,Sector ETFs,NEEDS_MULTI_SYMBOL_PORTFOLIO_ENGINE,SEMANTIC_VARIANT,NEEDS_MULTI_SYMBOL_ENGINE,ADJACENT_TO_REJECTED,NOT_EXECUTABLE_IN_M1,,LONG_ROTATION,False,P,CS_ROTATION_MOMENTUM,adj:monthly_multihorizon_abs_momentum_consensus_v1;adj:monthly_12_minus_1_abs_momentum_v1;adj:absolute_momentum_252,lookback;top N,sector rotation needs a multi-symbol engine
EXT-071,Asset-Class Trend Following (10M MA),ETFs,INSUFFICIENTLY_SPECIFIED,PARAMETER_VARIANT,PARAMETER_VARIANT_OF_TESTED,INSUFFICIENTLY_SPECIFIED,INSUFFICIENT_SPEC,,LONG_FLAT,True,U,TREND_MONTHLY_10M_SMA,param:monthly_10month_trend_timing_v1;adj:trend_sma50,window inclusion of the current month-end;asset-class ETF list,per-asset month-end close versus a 10-month average: the registered monthly_10month_trend_timing_v1 differing only in window convention
EXT-072,Short-Term Reversal,Equities,NEEDS_MULTI_SYMBOL_PORTFOLIO_ENGINE,SEMANTIC_VARIANT,NEEDS_MULTI_SYMBOL_ENGINE,NEEDS_SHORT_OR_HEDGE;ADJACENT_TO_REJECTED,NOT_EXECUTABLE_IN_M1,,LONG_SHORT,False,PS,CS_REVERSAL,adj:S05;adj:S11,1m return ranks,cross-sectional reversal
EXT-073,Forex 12-Month Momentum,FX,NEEDS_FUTURE_ASSET_SUPPORT,SEMANTIC_VARIANT,FUTURE_MULTI_ASSET,NEEDS_SHORT_OR_HEDGE;ADJACENT_TO_REJECTED,NOT_EXECUTABLE_IN_M1,,LONG_SHORT,False,FS,FX_MOMENTUM,adj:S01,12m FX return,FX
EXT-074,Low-Frequency Forex Momentum,FX,NEEDS_FUTURE_ASSET_SUPPORT,SEMANTIC_VARIANT,FUTURE_MULTI_ASSET,NEEDS_SHORT_OR_HEDGE;ADJACENT_TO_REJECTED;INSUFFICIENTLY_SPECIFIED,NOT_EXECUTABLE_IN_M1,,LONG_SHORT,False,FSU,FX_MOMENTUM_FILTERED,adj:S01,filter method;cutoff;window,FX
EXT-075,Dynamic Breakout II,Multi-Asset,NEEDS_FUTURE_ASSET_SUPPORT,SEMANTIC_VARIANT,FUTURE_MULTI_ASSET,NEEDS_SHORT_OR_HEDGE;ADJACENT_TO_REJECTED;INSUFFICIENTLY_SPECIFIED,NOT_EXECUTABLE_IN_M1,,LONG_SHORT,False,FSU,BREAKOUT_DYNAMIC,adj:S04;adj:close_channel_100_50_trend_v1,range lookback;multipliers,multi-asset including futures and FX
EXT-076,Crude Oil Predicts Equity Returns,Equities + Oil,NEEDS_ADDITIONAL_AUTHORITATIVE_DATA,GENUINELY_NEW,NEEDS_NON_OHLCV_DATA,NEEDS_SHORT_OR_HEDGE,MISSING_AUTHORITATIVE_DATA,,LONG_SHORT,False,DS,MACRO_OIL_PREDICT,,regression window;predictors,crude and T-bill series
EXT-077,Dual Thrust Intraday,Multi-Asset,NEEDS_FUTURE_ASSET_SUPPORT,GENUINELY_NEW,FUTURE_MULTI_ASSET,NEEDS_NON_OHLCV_DATA;NEEDS_SHORT_OR_HEDGE;INSUFFICIENTLY_SPECIFIED,NOT_EXECUTABLE_IN_M1,,LONG_SHORT,False,FDSU,INTRADAY_DUAL_THRUST,,range lookback;K1;K2,intraday opening-range style
EXT-078,Fundamental Stock Selection,Equities,NEEDS_ADDITIONAL_AUTHORITATIVE_DATA,GENUINELY_NEW,NEEDS_NON_OHLCV_DATA,NEEDS_MULTI_SYMBOL_ENGINE;NEEDS_SHORT_OR_HEDGE;INSUFFICIENTLY_SPECIFIED,MISSING_AUTHORITATIVE_DATA,,LONG_ONLY,True,DPSU,FUNDAMENTAL_SELECTION,,fields and thresholds,fundamentals
EXT-079,Fundamental Factor Long-Short,Equities,NEEDS_ADDITIONAL_AUTHORITATIVE_DATA,GENUINELY_NEW,NEEDS_NON_OHLCV_DATA,NEEDS_MULTI_SYMBOL_ENGINE;NEEDS_SHORT_OR_HEDGE,MISSING_AUTHORITATIVE_DATA,,LONG_SHORT,False,DPS,FUNDAMENTAL_FACTOR,,factor set;weights,fundamentals
EXT-080,Forex Mean Reversion + Momentum,FX,NEEDS_FUTURE_ASSET_SUPPORT,SEMANTIC_VARIANT,FUTURE_MULTI_ASSET,NEEDS_SHORT_OR_HEDGE;ADJACENT_TO_REJECTED;INSUFFICIENTLY_SPECIFIED,NOT_EXECUTABLE_IN_M1,,LONG_SHORT,False,FSU,FX_MR_MOMENTUM,adj:S01;adj:S06,windows;regime combiner,FX hybrid
EXT-081,CAPM Alpha Ranking - Dow 30,Equities,NEEDS_ADDITIONAL_AUTHORITATIVE_DATA,GENUINELY_NEW,NEEDS_NON_OHLCV_DATA,NEEDS_MULTI_SYMBOL_ENGINE;NEEDS_SHORT_OR_HEDGE,MISSING_AUTHORITATIVE_DATA,,LONG_SHORT,False,DPS,CAPM_ALPHA,,estimation window;benchmark,risk-free series and ranks
EXT-082,Intraday Dynamic Pairs: Correlation + Cointegration,Equities,NEEDS_ADDITIONAL_AUTHORITATIVE_DATA,GENUINELY_NEW,NEEDS_NON_OHLCV_DATA,NEEDS_MULTI_SYMBOL_ENGINE;NEEDS_SHORT_OR_HEDGE,MISSING_AUTHORITATIVE_DATA,,MARKET_NEUTRAL,False,DPS,PAIRS_INTRADAY,,rolling windows;z-score,intraday pairs
EXT-083,Short-Term Reversal Strategy in Stocks,Equities,NEEDS_SHORT_OR_BORROW_AUTHORITY,SEMANTIC_VARIANT,NEEDS_SHORT_OR_HEDGE,ADJACENT_TO_REJECTED;INSUFFICIENTLY_SPECIFIED,REQUIRES_NEW_POLICY,,LONG_SHORT,False,SU,REVERSAL_PRICE_ACTION,adj:S05;adj:S06;adj:S11;adj:trend_filtered_rsi5_reversion_v1;adj:trend_filtered_zscore20_reversion_v1,return window;thresholds;exit rule,short-horizon reversal; no numeric rule
EXT-084,Aroon Crossover Delivery,Equities,NEEDS_SHORT_OR_BORROW_AUTHORITY,SEMANTIC_VARIANT,NEEDS_SHORT_OR_HEDGE,ADJACENT_TO_REJECTED;INSUFFICIENTLY_SPECIFIED,REQUIRES_NEW_POLICY,,LONG_SHORT,False,SU,TREND_AROON,adj:S03;adj:S04;adj:close_channel_100_50_trend_v1,Aroon lookback;crossover definition,range-extreme trend state
EXT-085,Aroon Crossover Intraday,Equities,NEEDS_ADDITIONAL_AUTHORITATIVE_DATA,SEMANTIC_VARIANT,NEEDS_NON_OHLCV_DATA,NEEDS_SHORT_OR_HEDGE;ADJACENT_TO_REJECTED;INSUFFICIENTLY_SPECIFIED,MISSING_AUTHORITATIVE_DATA,,LONG_SHORT,False,DSU,TREND_AROON,adj:S03;adj:S04;pair:EXT-084,Aroon lookback,intraday timeframe variant of EXT-084
EXT-086,Bollinger Bands Delivery,Equities,NEEDS_SHORT_OR_BORROW_AUTHORITY,SEMANTIC_VARIANT,NEEDS_SHORT_OR_HEDGE,ADJACENT_TO_REJECTED;INSUFFICIENTLY_SPECIFIED,REQUIRES_NEW_POLICY,,LONG_SHORT,False,SU,REVERSION_BOLLINGER,adj:pullback_mean_reversion_20_2;adj:S06;adj:trend_filtered_zscore20_reversion_v1,band length;band width;re-entry definition;exit rule,band re-entry reversion
EXT-087,Bollinger Bands Intraday,Equities,NEEDS_ADDITIONAL_AUTHORITATIVE_DATA,SEMANTIC_VARIANT,NEEDS_NON_OHLCV_DATA,NEEDS_SHORT_OR_HEDGE;ADJACENT_TO_REJECTED;INSUFFICIENTLY_SPECIFIED,MISSING_AUTHORITATIVE_DATA,,LONG_SHORT,False,DSU,REVERSION_BOLLINGER,adj:pullback_mean_reversion_20_2;adj:S06;pair:EXT-086,band length;band width,intraday timeframe variant of EXT-086
EXT-088,Bollinger Connors RSI Mean Reversion Intraday,Equities,NEEDS_ADDITIONAL_AUTHORITATIVE_DATA,SEMANTIC_VARIANT,NEEDS_NON_OHLCV_DATA,NEEDS_SHORT_OR_HEDGE;ADJACENT_TO_REJECTED;INSUFFICIENTLY_SPECIFIED,MISSING_AUTHORITATIVE_DATA,,LONG_SHORT,False,DSU,REVERSION_BB_CONNORS_RSI,adj:pullback_mean_reversion_20_2;adj:S05;adj:trend_filtered_rsi5_reversion_v1,band settings;Connors RSI thresholds,intraday
EXT-089,Chandelier Exit Trend With EMA Intraday,Equities,NEEDS_ADDITIONAL_AUTHORITATIVE_DATA,SEMANTIC_VARIANT,NEEDS_NON_OHLCV_DATA,NEEDS_SHORT_OR_HEDGE;ADJACENT_TO_REJECTED;INSUFFICIENTLY_SPECIFIED,MISSING_AUTHORITATIVE_DATA,,LONG_SHORT,False,DSU,TREND_CHANDELIER_EMA,adj:S03,EMA;ATR;multiplier,intraday
EXT-090,EMA ADX Heikinashi Trend Intraday,Equities,NEEDS_ADDITIONAL_AUTHORITATIVE_DATA,SEMANTIC_VARIANT,NEEDS_NON_OHLCV_DATA,NEEDS_SHORT_OR_HEDGE;ADJACENT_TO_REJECTED;INSUFFICIENTLY_SPECIFIED,MISSING_AUTHORITATIVE_DATA,,LONG_SHORT,False,DSU,TREND_EMA_ADX_HA,adj:S03,EMA;ADX threshold,intraday
EXT-091,EMA Regular Order Delivery,Equities,NEEDS_SHORT_OR_BORROW_AUTHORITY,SEMANTIC_VARIANT,NEEDS_SHORT_OR_HEDGE,ADJACENT_TO_REJECTED;INSUFFICIENTLY_SPECIFIED,REQUIRES_NEW_POLICY,,LONG_SHORT,False,SU,TREND_EMA_CROSS,adj:S03;adj:dual_sma_50_200_trend,fast and slow EMA periods,exponential instead of simple averages
EXT-092,EMA Regular Order Intraday,Equities,NEEDS_ADDITIONAL_AUTHORITATIVE_DATA,SEMANTIC_VARIANT,NEEDS_NON_OHLCV_DATA,NEEDS_SHORT_OR_HEDGE;ADJACENT_TO_REJECTED;INSUFFICIENTLY_SPECIFIED,MISSING_AUTHORITATIVE_DATA,,LONG_SHORT,False,DSU,TREND_EMA_CROSS,adj:S03;pair:EXT-091,fast and slow EMA periods,intraday timeframe variant of EXT-091
EXT-093,Inverse EMA Scalping Regular Order Delivery,Equities,NEEDS_SHORT_OR_BORROW_AUTHORITY,COMPLEMENT,NEEDS_SHORT_OR_HEDGE,ADJACENT_TO_REJECTED;INSUFFICIENTLY_SPECIFIED,REQUIRES_NEW_POLICY,,LONG_SHORT,False,SU,CONTRARIAN_EMA_CROSS,comp:EXT-091;adj:S03;adj:SH03,fast and slow EMA periods,long when the fast EMA is below the slow: the complement of EXT-091 long state
EXT-094,Inverse EMA Scalping Regular Order Intraday,Equities,NEEDS_ADDITIONAL_AUTHORITATIVE_DATA,COMPLEMENT,NEEDS_NON_OHLCV_DATA,NEEDS_SHORT_OR_HEDGE;ADJACENT_TO_REJECTED;INSUFFICIENTLY_SPECIFIED,MISSING_AUTHORITATIVE_DATA,,LONG_SHORT,False,DSU,CONTRARIAN_EMA_CROSS,comp:EXT-092;pair:EXT-093;adj:S03,fast and slow EMA periods,intraday timeframe variant of EXT-093
EXT-095,MACD Crossover Delivery,Equities,NEEDS_SHORT_OR_BORROW_AUTHORITY,SEMANTIC_VARIANT,NEEDS_SHORT_OR_HEDGE,ADJACENT_TO_REJECTED;INSUFFICIENTLY_SPECIFIED,REQUIRES_NEW_POLICY,,LONG_SHORT,False,SU,TREND_MACD_CROSS,adj:S03;adj:dual_sma_50_200_trend,MACD fast/slow/signal periods,moving-average difference crossover
EXT-096,MACD Crossover Intraday,Equities,NEEDS_ADDITIONAL_AUTHORITATIVE_DATA,SEMANTIC_VARIANT,NEEDS_NON_OHLCV_DATA,NEEDS_SHORT_OR_HEDGE;ADJACENT_TO_REJECTED;INSUFFICIENTLY_SPECIFIED,MISSING_AUTHORITATIVE_DATA,,LONG_SHORT,False,DSU,TREND_MACD_CROSS,adj:S03;pair:EXT-095,MACD periods,intraday timeframe variant of EXT-095
EXT-097,Mean Reversion Bollinger Bands Delivery,Equities,NEEDS_SHORT_OR_BORROW_AUTHORITY,EXACT_DUPLICATE,DUPLICATE_WITHIN_CATALOG,NEEDS_SHORT_OR_HEDGE;INSUFFICIENTLY_SPECIFIED,REQUIRES_NEW_POLICY,,LONG_SHORT,False,SU,REVERSION_BOLLINGER,dup:EXT-086,band length;band width,normalized rule text identical to EXT-086 at the same timeframe; the catalog cannot distinguish them
EXT-098,Mean Reversion Bollinger Bands Intraday,Equities,NEEDS_ADDITIONAL_AUTHORITATIVE_DATA,EXACT_DUPLICATE,DUPLICATE_WITHIN_CATALOG,NEEDS_NON_OHLCV_DATA;NEEDS_SHORT_OR_HEDGE;INSUFFICIENTLY_SPECIFIED,MISSING_AUTHORITATIVE_DATA,,LONG_SHORT,False,DSU,REVERSION_BOLLINGER,dup:EXT-087,band length;band width,normalized rule text identical to EXT-087 at the same timeframe
EXT-099,Options Bear Call Ladder Intraday,Options,NEEDS_FUTURE_ASSET_SUPPORT,GENUINELY_NEW,FUTURE_MULTI_ASSET,NEEDS_NON_OHLCV_DATA,NOT_EXECUTABLE_IN_M1,,BEARISH_OPTIONS,False,FD,OPT_BEAR_CALL_LADDER,,leg quantities;strikes,options
EXT-100,Options Bear Put Ladder Intraday,Options,NEEDS_FUTURE_ASSET_SUPPORT,GENUINELY_NEW,FUTURE_MULTI_ASSET,NEEDS_NON_OHLCV_DATA,NOT_EXECUTABLE_IN_M1,,BEARISH_OPTIONS,False,FD,OPT_BEAR_PUT_LADDER,,leg quantities;strikes,options
EXT-101,Options Bear Put Spread With Target Stops Reentry,Options,NEEDS_FUTURE_ASSET_SUPPORT,GENUINELY_NEW,FUTURE_MULTI_ASSET,NEEDS_NON_OHLCV_DATA,NOT_EXECUTABLE_IN_M1,,BEARISH_OPTIONS,False,FD,OPT_BEAR_PUT_SPREAD,,strikes;target;stop,options
EXT-102,Options Bull Call Ladder Intraday,Options,NEEDS_FUTURE_ASSET_SUPPORT,GENUINELY_NEW,FUTURE_MULTI_ASSET,NEEDS_NON_OHLCV_DATA,NOT_EXECUTABLE_IN_M1,,BULLISH_OPTIONS,False,FD,OPT_BULL_CALL_LADDER,,leg quantities;strikes,"options; normalized text collides with EXT-105 but the source structures differ by name, so not merged"
EXT-103,Options Bull Call Ratio Backspread With Target Stoploss,Options,NEEDS_FUTURE_ASSET_SUPPORT,GENUINELY_NEW,FUTURE_MULTI_ASSET,NEEDS_NON_OHLCV_DATA,NOT_EXECUTABLE_IN_M1,,BULLISH_OPTIONS,False,FD,OPT_CALL_RATIO_BACKSPREAD,,ratio;strikes;risk limits,options
EXT-104,Options Bull Call Spread With Target Stops Reentry,Options,NEEDS_FUTURE_ASSET_SUPPORT,GENUINELY_NEW,FUTURE_MULTI_ASSET,NEEDS_NON_OHLCV_DATA,NOT_EXECUTABLE_IN_M1,,BULLISH_OPTIONS,False,FD,OPT_BULL_CALL_SPREAD,,strikes;target;stop,options
EXT-105,Options Bull Put Ladder Intraday,Options,NEEDS_FUTURE_ASSET_SUPPORT,GENUINELY_NEW,FUTURE_MULTI_ASSET,NEEDS_NON_OHLCV_DATA,NOT_EXECUTABLE_IN_M1,,BULLISH_OPTIONS,False,FD,OPT_BULL_PUT_LADDER,,leg quantities;strikes,"options; normalized text collides with EXT-102 but the source structures differ by name, so not merged"
EXT-106,Options Buying EMA Crossover Intraday,Options,NEEDS_FUTURE_ASSET_SUPPORT,GENUINELY_NEW,FUTURE_MULTI_ASSET,NEEDS_NON_OHLCV_DATA,NOT_EXECUTABLE_IN_M1,,LONG_OPTIONS,False,FD,OPT_BUY_EMA_CROSS,neighbor:EXT-091,EMA periods;strike selection,options on an EMA signal
EXT-107,Options Buying Multi Candle Trend Intraday,Options,NEEDS_FUTURE_ASSET_SUPPORT,GENUINELY_NEW,FUTURE_MULTI_ASSET,NEEDS_NON_OHLCV_DATA,NOT_EXECUTABLE_IN_M1,,LONG_OPTIONS,False,FD,OPT_BUY_MULTI_CANDLE,,candle count;strike distance,options
EXT-108,Options Buying RSI MACD Crossover Intraday,Options,NEEDS_FUTURE_ASSET_SUPPORT,GENUINELY_NEW,FUTURE_MULTI_ASSET,NEEDS_NON_OHLCV_DATA,NOT_EXECUTABLE_IN_M1,,LONG_OPTIONS,False,FD,OPT_BUY_RSI_MACD,neighbor:EXT-126,RSI and MACD settings,options on an RSI-MACD signal
EXT-109,Options Buying RSI PSAR Crossover Intraday,Options,NEEDS_FUTURE_ASSET_SUPPORT,GENUINELY_NEW,FUTURE_MULTI_ASSET,NEEDS_NON_OHLCV_DATA,NOT_EXECUTABLE_IN_M1,,LONG_OPTIONS,False,FD,OPT_BUY_RSI_PSAR,,RSI and PSAR settings,options
EXT-110,Options Greek Delta Target Stoploss Intraday,Options,NEEDS_FUTURE_ASSET_SUPPORT,GENUINELY_NEW,FUTURE_MULTI_ASSET,NEEDS_NON_OHLCV_DATA,NOT_EXECUTABLE_IN_M1,,LONG_OPTIONS,False,FD,OPT_DELTA_TARGET,,target delta;target;stop,options
EXT-111,Options Long Call Diagonal Spread With Trailing Stoploss,Options,NEEDS_FUTURE_ASSET_SUPPORT,GENUINELY_NEW,FUTURE_MULTI_ASSET,NEEDS_NON_OHLCV_DATA,NOT_EXECUTABLE_IN_M1,,BULLISH_OPTIONS,False,FD,OPT_CALL_DIAGONAL,,expiries;strikes;trail,options
EXT-112,Options Long Iron Butterfly Intraday,Options,NEEDS_FUTURE_ASSET_SUPPORT,GENUINELY_NEW,FUTURE_MULTI_ASSET,NEEDS_NON_OHLCV_DATA,NOT_EXECUTABLE_IN_M1,,LONG_VOL,False,FD,OPT_LONG_IRON_BUTTERFLY,,strikes;expiry,options
EXT-113,Options Long Iron Condor With Reentry,Options,NEEDS_FUTURE_ASSET_SUPPORT,GENUINELY_NEW,FUTURE_MULTI_ASSET,NEEDS_NON_OHLCV_DATA,NOT_EXECUTABLE_IN_M1,,SHORT_VOL,False,FD,OPT_IRON_CONDOR,,wing widths;re-entry,options
EXT-114,Options Put Call Ratio Intraday,Options,NEEDS_FUTURE_ASSET_SUPPORT,GENUINELY_NEW,FUTURE_MULTI_ASSET,NEEDS_NON_OHLCV_DATA;NEEDS_SHORT_OR_HEDGE,NOT_EXECUTABLE_IN_M1,,LONG_SHORT,False,FDS,OPT_PUT_CALL_RATIO,,window;thresholds,options sentiment
EXT-115,Options Short Call Butterfly With Price Exits And Reentry,Options,NEEDS_FUTURE_ASSET_SUPPORT,GENUINELY_NEW,FUTURE_MULTI_ASSET,NEEDS_NON_OHLCV_DATA,NOT_EXECUTABLE_IN_M1,,SHORT_VOL,False,FD,OPT_SHORT_CALL_BUTTERFLY,,strikes;exits,options
EXT-116,Options Short Iron Butterfly With Reentry,Options,NEEDS_FUTURE_ASSET_SUPPORT,GENUINELY_NEW,FUTURE_MULTI_ASSET,NEEDS_NON_OHLCV_DATA,NOT_EXECUTABLE_IN_M1,,SHORT_VOL,False,FD,OPT_SHORT_IRON_BUTTERFLY,,wing width;re-entry,options
EXT-117,Options Short Jade Lizard Net Value Exits Reentry,Options,NEEDS_FUTURE_ASSET_SUPPORT,GENUINELY_NEW,FUTURE_MULTI_ASSET,NEEDS_NON_OHLCV_DATA,NOT_EXECUTABLE_IN_M1,,BULLISH_OPTIONS,False,FD,OPT_JADE_LIZARD,,strikes;net-value exits,options
EXT-118,Options Short Straddle With Sl Intraday,Options,NEEDS_FUTURE_ASSET_SUPPORT,GENUINELY_NEW,FUTURE_MULTI_ASSET,NEEDS_NON_OHLCV_DATA,NOT_EXECUTABLE_IN_M1,,SHORT_VOL,False,FD,OPT_SHORT_STRADDLE,,strike;stop;target,options
EXT-119,Options Short Straddle With Target Risk Control,Options,NEEDS_FUTURE_ASSET_SUPPORT,GENUINELY_NEW,FUTURE_MULTI_ASSET,NEEDS_NON_OHLCV_DATA,NOT_EXECUTABLE_IN_M1,,SHORT_VOL,False,FD,OPT_SHORT_STRADDLE,pair:EXT-118,strike;stop;target,options; same rule text as EXT-118 at a different timeframe
EXT-120,Options Short Strangle With Target Risk Control,Options,NEEDS_FUTURE_ASSET_SUPPORT,GENUINELY_NEW,FUTURE_MULTI_ASSET,NEEDS_NON_OHLCV_DATA,NOT_EXECUTABLE_IN_M1,,SHORT_VOL,False,FD,OPT_SHORT_STRANGLE,,OTM distance;risk limits,options
EXT-121,Options Straddle Intraday,Options,NEEDS_FUTURE_ASSET_SUPPORT,GENUINELY_NEW,FUTURE_MULTI_ASSET,NEEDS_NON_OHLCV_DATA,NOT_EXECUTABLE_IN_M1,,LONG_VOL,False,FD,OPT_STRADDLE,,leg directions;strike,options
EXT-122,Options Strangle Intraday,Options,NEEDS_FUTURE_ASSET_SUPPORT,GENUINELY_NEW,FUTURE_MULTI_ASSET,NEEDS_NON_OHLCV_DATA,NOT_EXECUTABLE_IN_M1,,LONG_VOL,False,FD,OPT_STRANGLE,,leg directions;strikes,options
EXT-123,Pocket Pivot With EMA Buy Only Intraday,Equities,NEEDS_ADDITIONAL_AUTHORITATIVE_DATA,SEMANTIC_VARIANT,NEEDS_NON_OHLCV_DATA,NEEDS_SHORT_OR_HEDGE;ADJACENT_TO_REJECTED;INSUFFICIENTLY_SPECIFIED,MISSING_AUTHORITATIVE_DATA,,LONG_SHORT,False,DSU,VOLUME_PRICE_POCKET_PIVOT,adj:S12;adj:WAVE06_VOL01,"pivot,volume and EMA settings",intraday volume-price setup
EXT-124,Reverse RSI Crossover Delivery,Equities,NEEDS_SHORT_OR_BORROW_AUTHORITY,SEMANTIC_VARIANT,NEEDS_SHORT_OR_HEDGE,ADJACENT_TO_REJECTED;INSUFFICIENTLY_SPECIFIED,REQUIRES_NEW_POLICY,,LONG_SHORT,False,SU,CONTRARIAN_RSI,adj:S05;adj:trend_filtered_rsi5_reversion_v1,RSI length;thresholds,RSI condition not stated
EXT-125,Reverse RSI Crossover Intraday,Equities,NEEDS_ADDITIONAL_AUTHORITATIVE_DATA,SEMANTIC_VARIANT,NEEDS_NON_OHLCV_DATA,NEEDS_SHORT_OR_HEDGE;ADJACENT_TO_REJECTED;INSUFFICIENTLY_SPECIFIED,MISSING_AUTHORITATIVE_DATA,,LONG_SHORT,False,DSU,CONTRARIAN_RSI,adj:S05;pair:EXT-124,RSI length;thresholds,intraday timeframe variant of EXT-124
EXT-126,RSI MACD Crossover Delivery,Equities,NEEDS_SHORT_OR_BORROW_AUTHORITY,SEMANTIC_VARIANT,NEEDS_SHORT_OR_HEDGE,ADJACENT_TO_REJECTED;INSUFFICIENTLY_SPECIFIED,REQUIRES_NEW_POLICY,,LONG_SHORT,False,SU,HYBRID_RSI_MACD,adj:S05;adj:S03,RSI thresholds;MACD periods,RSI recovery plus MACD cross
EXT-127,RSI MACD Crossover Intraday,Equities,NEEDS_ADDITIONAL_AUTHORITATIVE_DATA,SEMANTIC_VARIANT,NEEDS_NON_OHLCV_DATA,NEEDS_SHORT_OR_HEDGE;ADJACENT_TO_REJECTED;INSUFFICIENTLY_SPECIFIED,MISSING_AUTHORITATIVE_DATA,,LONG_SHORT,False,DSU,HYBRID_RSI_MACD,adj:S05;adj:S03;pair:EXT-126,RSI thresholds;MACD periods,intraday timeframe variant of EXT-126
EXT-128,Stochastic Crossover Delivery,Equities,NEEDS_SHORT_OR_BORROW_AUTHORITY,SEMANTIC_VARIANT,NEEDS_SHORT_OR_HEDGE,ADJACENT_TO_REJECTED;INSUFFICIENTLY_SPECIFIED,REQUIRES_NEW_POLICY,,LONG_SHORT,False,SU,OSC_STOCHASTIC_CROSS,adj:S03;adj:S10,%K and %D lengths,range-position oscillator crossover
EXT-129,Stochastic Crossover Intraday,Equities,NEEDS_ADDITIONAL_AUTHORITATIVE_DATA,SEMANTIC_VARIANT,NEEDS_NON_OHLCV_DATA,NEEDS_SHORT_OR_HEDGE;ADJACENT_TO_REJECTED;INSUFFICIENTLY_SPECIFIED,MISSING_AUTHORITATIVE_DATA,,LONG_SHORT,False,DSU,OSC_STOCHASTIC_CROSS,adj:S03;pair:EXT-128,%K and %D lengths,intraday timeframe variant of EXT-128
EXT-130,Three Line Break MACD Trend Intraday,Equities,NEEDS_ADDITIONAL_AUTHORITATIVE_DATA,SEMANTIC_VARIANT,NEEDS_NON_OHLCV_DATA,NEEDS_SHORT_OR_HEDGE;ADJACENT_TO_REJECTED;INSUFFICIENTLY_SPECIFIED,MISSING_AUTHORITATIVE_DATA,,LONG_SHORT,False,DSU,TREND_THREE_LINE_BREAK_MACD,adj:S03,line-break construction;MACD periods,intraday
EXT-131,Volatility Trend ATR Delivery,Equities,NEEDS_SHORT_OR_BORROW_AUTHORITY,SEMANTIC_VARIANT,NEEDS_SHORT_OR_HEDGE,ADJACENT_TO_REJECTED;INSUFFICIENTLY_SPECIFIED,REQUIRES_NEW_POLICY,,LONG_SHORT,False,SU,VOLATILITY_TREND_ATR,adj:S13;adj:volatility_contraction_breakout_v1,ATR window;comparison window;trend rule,volatility expansion with trend
EXT-132,Volatility Trend ATR Intraday,Equities,NEEDS_ADDITIONAL_AUTHORITATIVE_DATA,SEMANTIC_VARIANT,NEEDS_NON_OHLCV_DATA,NEEDS_SHORT_OR_HEDGE;ADJACENT_TO_REJECTED;INSUFFICIENTLY_SPECIFIED,MISSING_AUTHORITATIVE_DATA,,LONG_SHORT,False,DSU,VOLATILITY_TREND_ATR,adj:S13;pair:EXT-131,ATR window;comparison window,intraday timeframe variant of EXT-131
EXT-133,Vortex Trend With EMA ADX Intraday,Equities,NEEDS_ADDITIONAL_AUTHORITATIVE_DATA,SEMANTIC_VARIANT,NEEDS_NON_OHLCV_DATA,NEEDS_SHORT_OR_HEDGE;ADJACENT_TO_REJECTED;INSUFFICIENTLY_SPECIFIED,MISSING_AUTHORITATIVE_DATA,,LONG_SHORT,False,DSU,TREND_VORTEX_EMA_ADX,adj:S03,"vortex,EMA and ADX settings",intraday
EXT-134,VWAP Crossover Delivery,Equities,NEEDS_ADDITIONAL_AUTHORITATIVE_DATA,SEMANTIC_VARIANT,NEEDS_NON_OHLCV_DATA,NEEDS_SHORT_OR_HEDGE;ADJACENT_TO_REJECTED;INSUFFICIENTLY_SPECIFIED,MISSING_AUTHORITATIVE_DATA,,LONG_SHORT,False,DSU,TREND_VWAP_CROSS,adj:S02,VWAP session or anchor,session VWAP needs intraday bars and an anchor
EXT-135,VWAP Crossover Intraday,Equities,NEEDS_ADDITIONAL_AUTHORITATIVE_DATA,SEMANTIC_VARIANT,NEEDS_NON_OHLCV_DATA,NEEDS_SHORT_OR_HEDGE;ADJACENT_TO_REJECTED;INSUFFICIENTLY_SPECIFIED,MISSING_AUTHORITATIVE_DATA,,LONG_SHORT,False,DSU,TREND_VWAP_CROSS,adj:S02;pair:EXT-134,VWAP session or anchor,intraday timeframe variant of EXT-134
EXT-136,BB Breakout-Pullback-Momentum + Range Reversion,Multi-Asset,NEEDS_SHORT_OR_BORROW_AUTHORITY,SEMANTIC_VARIANT,NEEDS_SHORT_OR_HEDGE,ADJACENT_TO_REJECTED;INSUFFICIENTLY_SPECIFIED,REQUIRES_NEW_POLICY,,LONG_SHORT,False,SU,ADAPTIVE_BB_TREND_MR,adj:S06;adj:S04;adj:pullback_mean_reversion_20_2,band settings;ADX threshold;volume and MACD conditions;ATR stops,adaptive trend/reversion composite with many unstated settings
EXT-137,VWAP Suite: Trend + Mean Reversion,Multi-Asset,NEEDS_ADDITIONAL_AUTHORITATIVE_DATA,SEMANTIC_VARIANT,NEEDS_NON_OHLCV_DATA,NEEDS_SHORT_OR_HEDGE;ADJACENT_TO_REJECTED;INSUFFICIENTLY_SPECIFIED,MISSING_AUTHORITATIVE_DATA,,LONG_SHORT,False,DSU,ADAPTIVE_VWAP,adj:S06,VWAP anchor;bands;trend filters,intraday
EXT-138,Pivot Breakout + RSI/VWAP Filters,Equities,NEEDS_ADDITIONAL_AUTHORITATIVE_DATA,SEMANTIC_VARIANT,NEEDS_NON_OHLCV_DATA,NEEDS_SHORT_OR_HEDGE;ADJACENT_TO_REJECTED;INSUFFICIENTLY_SPECIFIED,MISSING_AUTHORITATIVE_DATA,,LONG_SHORT,False,DSU,BREAKOUT_PIVOT,adj:S04,pivot bars;volume;ATR exits,source optimized on 1-second data
EXT-139,HYE VWAP Mean Reversion + RSI,Multi-Asset,NEEDS_SHORT_OR_BORROW_AUTHORITY,SEMANTIC_VARIANT,NEEDS_SHORT_OR_HEDGE,ADJACENT_TO_REJECTED;INSUFFICIENTLY_SPECIFIED,REQUIRES_NEW_POLICY,,LONG_SHORT,False,SU,REVERSION_VWAP_RSI2,adj:S05;adj:trend_filtered_rsi5_reversion_v1;adj:pullback_mean_reversion_20_2,bar timeframe;VWAP price input;RSI(2) variant;EMA convention,numeric thresholds given but input conventions are not
EXT-140,Opening Range Breakout + VWAP + HTF RSI,Multi-Asset,NEEDS_ADDITIONAL_AUTHORITATIVE_DATA,GENUINELY_NEW,NEEDS_NON_OHLCV_DATA,NEEDS_SHORT_OR_HEDGE;INSUFFICIENTLY_SPECIFIED,MISSING_AUTHORITATIVE_DATA,,LONG_SHORT,False,DSU,ORB_VWAP,,opening range;HTF RSI threshold;exit,intraday opening range
EXT-141,Stock N-Bar Breakout + Trend + Volume,Equities,NEEDS_SHORT_OR_BORROW_AUTHORITY,COMPOSITE_OF_EXISTING,NEEDS_SHORT_OR_HEDGE,ADJACENT_TO_REJECTED;INSUFFICIENTLY_SPECIFIED,REQUIRES_NEW_POLICY,,LONG_SHORT,False,SU,BREAKOUT_TREND_VOLUME_ATR_EXIT,compo:S04;compo:S02;adj:close_channel_100_50_trend_v1;adj:trading_range_breakout_50d_hold10;adj:volatility_contraction_breakout_v1;adj:S12,volume filter;trend filter;ATR target;trailing stop;time exit;stop fill semantics,prior-N-bar breakout with trend and volume filters and ATR exits
EXT-142,Pivot + Breakout + VWAP + RSI + MACD Multi-Confirmation,Equities,NEEDS_ADDITIONAL_AUTHORITATIVE_DATA,SEMANTIC_VARIANT,NEEDS_NON_OHLCV_DATA,NEEDS_SHORT_OR_HEDGE;ADJACENT_TO_REJECTED;INSUFFICIENTLY_SPECIFIED,MISSING_AUTHORITATIVE_DATA,,LONG_SHORT,False,DSU,MULTI_CONFIRMATION_MOMENTUM,adj:S04;adj:S03,"pivot,breakout,VWAP,RSI,MACD settings",intraday multi-indicator
EXT-143,Bollinger + RSI Re-Entry Mean Reversion,Multi-Asset,NEEDS_SHORT_OR_BORROW_AUTHORITY,SEMANTIC_VARIANT,NEEDS_SHORT_OR_HEDGE,ADJACENT_TO_REJECTED;INSUFFICIENTLY_SPECIFIED,REQUIRES_NEW_POLICY,,LONG_SHORT,False,SU,REVERSION_BB_RSI_REENTRY,adj:pullback_mean_reversion_20_2;adj:S05,band settings;RSI thresholds;exit variant,band re-entry with RSI
EXT-144,Donchian/Channel RSI Breakout Signals,Multi-Asset,NEEDS_SHORT_OR_BORROW_AUTHORITY,SEMANTIC_VARIANT,NEEDS_SHORT_OR_HEDGE,ADJACENT_TO_REJECTED;INSUFFICIENTLY_SPECIFIED,REQUIRES_NEW_POLICY,,LONG_SHORT,False,SU,BREAKOUT_DONCHIAN_RSI,adj:S04;adj:close_channel_100_50_trend_v1;adj:trading_range_breakout_50d_hold10,channel length;RSI context;take-profit,rolling high-low channel breakout
EXT-145,RSI Entry + Bollinger Exit Long/Short,Multi-Asset,NEEDS_SHORT_OR_BORROW_AUTHORITY,SEMANTIC_VARIANT,NEEDS_SHORT_OR_HEDGE,ADJACENT_TO_REJECTED;INSUFFICIENTLY_SPECIFIED,REQUIRES_NEW_POLICY,,LONG_SHORT,False,SU,REVERSION_RSI_BB_EXIT,adj:S05;adj:pullback_mean_reversion_20_2,RSI period;band settings;cascade filter,RSI thresholds near 29/71
EXT-146,MACD Histogram + Supertrend + DEMA,Multi-Asset,NEEDS_SHORT_OR_BORROW_AUTHORITY,SEMANTIC_VARIANT,NEEDS_SHORT_OR_HEDGE,ADJACENT_TO_REJECTED;INSUFFICIENTLY_SPECIFIED,REQUIRES_NEW_POLICY,,LONG_SHORT,False,SU,TREND_MACD_SUPERTREND_DEMA,adj:S03,MACD;Supertrend;DEMA periods;TP/SL,multi-indicator trend
EXT-147,ORB 15m + VWAP + Volume + Candle Strength,Multi-Asset,NEEDS_ADDITIONAL_AUTHORITATIVE_DATA,GENUINELY_NEW,NEEDS_NON_OHLCV_DATA,NEEDS_SHORT_OR_HEDGE;INSUFFICIENTLY_SPECIFIED,MISSING_AUTHORITATIVE_DATA,,LONG_SHORT,False,DSU,ORB_VOLUME_CANDLE,neighbor:EXT-140,first-range length;volume and candle filters;risk,intraday opening range
EXT-148,Supertrend + MACD + EMA200,Multi-Asset,NEEDS_SHORT_OR_BORROW_AUTHORITY,SEMANTIC_VARIANT,NEEDS_SHORT_OR_HEDGE,ADJACENT_TO_REJECTED;INSUFFICIENTLY_SPECIFIED,REQUIRES_NEW_POLICY,,LONG_SHORT,False,SU,TREND_SUPERTREND_MACD_EMA200,adj:S03;adj:S02,Supertrend settings;MACD periods,multi-indicator trend
EXT-149,Crypto RSI Pullback in EMA100 Trend,Equities,NEEDS_FUTURE_ASSET_SUPPORT,SEMANTIC_VARIANT,FUTURE_MULTI_ASSET,NEEDS_SHORT_OR_HEDGE;ADJACENT_TO_REJECTED;INSUFFICIENTLY_SPECIFIED,NOT_EXECUTABLE_IN_M1,,LONG_SHORT,False,FSU,PULLBACK_TREND_RSI,adj:trend_pullback_5d_4pct_hold5;adj:S05;adj:trend_filtered_rsi5_reversion_v1,RSI period;exit rule,crypto instrument; trend pullback
EXT-150,Adaptive Supertrend MA Crossover,Multi-Asset,NEEDS_SHORT_OR_BORROW_AUTHORITY,SEMANTIC_VARIANT,NEEDS_SHORT_OR_HEDGE,ADJACENT_TO_REJECTED;INSUFFICIENTLY_SPECIFIED,REQUIRES_NEW_POLICY,,LONG_SHORT,False,SU,TREND_SUPERTREND_MA_CROSS,adj:S03,Supertrend ATR and factor;MA type;SL/TP,multi-indicator trend
EXT-151,VWAP Distance > ATR Mean Reversion,Equities,NEEDS_ADDITIONAL_AUTHORITATIVE_DATA,SEMANTIC_VARIANT,NEEDS_NON_OHLCV_DATA,NEEDS_SHORT_OR_HEDGE;ADJACENT_TO_REJECTED;INSUFFICIENTLY_SPECIFIED,MISSING_AUTHORITATIVE_DATA,,LONG_SHORT,False,DSU,REVERSION_VWAP_ATR,adj:S06;adj:trend_filtered_zscore20_reversion_v1,VWAP length;ATR length;multiplier;risk stop,VWAP distance reversion
EXT-152,3 EMA + Supertrend Alignment,Multi-Asset,NEEDS_SHORT_OR_BORROW_AUTHORITY,SEMANTIC_VARIANT,NEEDS_SHORT_OR_HEDGE,ADJACENT_TO_REJECTED;INSUFFICIENTLY_SPECIFIED,REQUIRES_NEW_POLICY,,LONG_SHORT,False,SU,TREND_EMA_SUPERTREND,adj:S03,EMA periods;Supertrend settings,multi-indicator trend
EXT-153,Ichimoku + MACD + CMF + TSI,Multi-Asset,NEEDS_SHORT_OR_BORROW_AUTHORITY,SEMANTIC_VARIANT,NEEDS_SHORT_OR_HEDGE,ADJACENT_TO_REJECTED;INSUFFICIENTLY_SPECIFIED,REQUIRES_NEW_POLICY,,LONG_SHORT,False,SU,TREND_ICHIMOKU_MACD_CMF_TSI,adj:S03;adj:S12,"Ichimoku,MACD,CMF,TSI settings",multi-indicator trend
EXT-154,Ichimoku + RSI + MACD,Multi-Asset,NEEDS_SHORT_OR_BORROW_AUTHORITY,SEMANTIC_VARIANT,NEEDS_SHORT_OR_HEDGE,ADJACENT_TO_REJECTED;INSUFFICIENTLY_SPECIFIED,REQUIRES_NEW_POLICY,,LONG_SHORT,False,SU,TREND_ICHIMOKU_RSI_MACD,adj:S03,"Ichimoku,RSI,MACD settings",multi-indicator trend
EXT-155,Supertrend + EMA20 Pullback Touch,Multi-Asset,NEEDS_SHORT_OR_BORROW_AUTHORITY,SEMANTIC_VARIANT,NEEDS_SHORT_OR_HEDGE,ADJACENT_TO_REJECTED;INSUFFICIENTLY_SPECIFIED,REQUIRES_NEW_POLICY,,LONG_SHORT,False,SU,TREND_PULLBACK_SUPERTREND_EMA20,adj:trend_pullback_5d_4pct_hold5;adj:S03,timeframe;Supertrend smoothing;stop/target fill semantics,trend pullback to EMA20 with Supertrend stop and 2R target
EXT-156,Time-Series Momentum Across Futures,Futures/FX,NEEDS_FUTURE_ASSET_SUPPORT,SEMANTIC_VARIANT,FUTURE_MULTI_ASSET,NEEDS_SHORT_OR_HEDGE;ADJACENT_TO_REJECTED,NOT_EXECUTABLE_IN_M1,,LONG_SHORT,False,FS,TS_MOMENTUM_FUT,adj:S01;adj:absolute_momentum_252,lookbacks;vol target,futures and FX time-series momentum
EXT-157,Value and Momentum Everywhere - Value Leg,Cross-Asset,NEEDS_FUTURE_ASSET_SUPPORT,GENUINELY_NEW,FUTURE_MULTI_ASSET,NEEDS_NON_OHLCV_DATA;NEEDS_MULTI_SYMBOL_ENGINE;NEEDS_SHORT_OR_HEDGE,NOT_EXECUTABLE_IN_M1,,LONG_SHORT,False,FDPS,VALUE_EVERYWHERE,,value measures;ranks,cross-asset valuation
EXT-158,Value and Momentum Everywhere - Momentum Leg,Cross-Asset,NEEDS_FUTURE_ASSET_SUPPORT,SEMANTIC_VARIANT,FUTURE_MULTI_ASSET,NEEDS_MULTI_SYMBOL_ENGINE;NEEDS_SHORT_OR_HEDGE;ADJACENT_TO_REJECTED,NOT_EXECUTABLE_IN_M1,,LONG_SHORT,False,FPS,MOMENTUM_EVERYWHERE,adj:absolute_momentum_252;adj:S01,lookback;ranking,cross-asset momentum
EXT-159,Betting Against Beta,Cross-Asset,NEEDS_FUTURE_ASSET_SUPPORT,SEMANTIC_VARIANT,FUTURE_MULTI_ASSET,NEEDS_NON_OHLCV_DATA;NEEDS_MULTI_SYMBOL_ENGINE;NEEDS_SHORT_OR_HEDGE;ADJACENT_TO_REJECTED,NOT_EXECUTABLE_IN_M1,,LONG_SHORT,False,FDPS,BETTING_AGAINST_BETA,adj:DISCOVERY_01,beta window;leverage,cross-asset low-beta
EXT-160,Quality Minus Junk,Equities,NEEDS_ADDITIONAL_AUTHORITATIVE_DATA,GENUINELY_NEW,NEEDS_NON_OHLCV_DATA,NEEDS_MULTI_SYMBOL_ENGINE;NEEDS_SHORT_OR_HEDGE,MISSING_AUTHORITATIVE_DATA,,LONG_SHORT,False,DPS,QUALITY_MINUS_JUNK,,quality components,fundamentals
EXT-161,Cross-Asset Carry,Cross-Asset,NEEDS_FUTURE_ASSET_SUPPORT,GENUINELY_NEW,FUTURE_MULTI_ASSET,NEEDS_NON_OHLCV_DATA;NEEDS_MULTI_SYMBOL_ENGINE;NEEDS_SHORT_OR_HEDGE,NOT_EXECUTABLE_IN_M1,,LONG_SHORT,False,FDPS,CARRY_CROSS_ASSET,,carry measure per asset class,cross-asset
EXT-162,Century Trend Following Replication,Cross-Asset,NEEDS_FUTURE_ASSET_SUPPORT,SEMANTIC_VARIANT,FUTURE_MULTI_ASSET,NEEDS_SHORT_OR_HEDGE;ADJACENT_TO_REJECTED,NOT_EXECUTABLE_IN_M1,,LONG_SHORT,False,FS,TREND_CENTURY,adj:S01;adj:S02;adj:dual_sma_50_200_trend,lookbacks;vol target,multi-asset trend
EXT-163,PEAD: High vs Low Earnings Surprise,Equities,NEEDS_ADDITIONAL_AUTHORITATIVE_DATA,GENUINELY_NEW,NEEDS_NON_OHLCV_DATA,NEEDS_MULTI_SYMBOL_ENGINE;NEEDS_SHORT_OR_HEDGE,MISSING_AUTHORITATIVE_DATA,,LONG_SHORT,False,DPS,PEAD,,SUE;horizon;liquidity screen,earnings data
EXT-164,Conditional PEAD: Surprise vs Analyst Recommendation,Equities,NEEDS_ADDITIONAL_AUTHORITATIVE_DATA,GENUINELY_NEW,NEEDS_NON_OHLCV_DATA,NEEDS_MULTI_SYMBOL_ENGINE;NEEDS_SHORT_OR_HEDGE,MISSING_AUTHORITATIVE_DATA,,LONG_SHORT,False,DPS,PEAD_CONDITIONAL,pair:EXT-163,recommendation state;surprise;horizon,analyst data
EXT-165,FQ1 Earnings-Persistence PEAD,Equities,NEEDS_ADDITIONAL_AUTHORITATIVE_DATA,GENUINELY_NEW,NEEDS_NON_OHLCV_DATA,NEEDS_MULTI_SYMBOL_ENGINE;NEEDS_SHORT_OR_HEDGE,MISSING_AUTHORITATIVE_DATA,,LONG_SHORT,False,DPS,PEAD_FQ1,pair:EXT-163,fiscal-quarter mapping;surprise metric,earnings history
EXT-166,Global Value-Momentum-Trend: Trend Overlay,Equities,NEEDS_ADDITIONAL_AUTHORITATIVE_DATA,COMPOSITE_OF_EXISTING,NEEDS_NON_OHLCV_DATA,NEEDS_SHORT_OR_HEDGE;ADJACENT_TO_REJECTED;INSUFFICIENTLY_SPECIFIED,MISSING_AUTHORITATIVE_DATA,,LONG_HEDGE,False,DSU,TREND_OVERLAY_TSMOM_MA,compo:absolute_momentum_252;compo:S02;adj:monthly_12_minus_1_abs_momentum_v1,T-bill series;and/or combination;hedge instrument,12-month excess return and 12-month MA combined 50/50
EXT-167,Global Value-Momentum-Trend: Quant Value + Momentum Selection,Equities,NEEDS_ADDITIONAL_AUTHORITATIVE_DATA,GENUINELY_NEW,NEEDS_NON_OHLCV_DATA,NEEDS_MULTI_SYMBOL_ENGINE;NEEDS_SHORT_OR_HEDGE,MISSING_AUTHORITATIVE_DATA,,LONG_SHORT,False,DPS,VALUE_MOMENTUM_SELECTION,,value and quality measures,fundamentals
EXT-168,10/15/20-Year Directional Seasonality >70%,Equities/Indices,NEEDS_ADDITIONAL_AUTHORITATIVE_DATA,GENUINELY_NEW,NEEDS_NON_OHLCV_DATA,NEEDS_SHORT_OR_HEDGE;INSUFFICIENTLY_SPECIFIED,MISSING_AUTHORITATIVE_DATA,,LONG_SHORT,False,DSU,CAL_DATE_HITRATE_SEASONALITY,neighbor:S14,exit and target framework,needs 10/15/20-year per-date history; MQD research history begins in 2016
EXT-169,Santa Claus Rally Window,Equities/Indices,M1_READY_SINGLE_SYMBOL_LONG_FLAT_DAILY_OHLCV,GENUINELY_NEW,M1_EQUITY_ETF_HYPOTHESIS,,NEW_ENGINE_NEEDED,A,LONG_FLAT,True,,CAL_SANTA_CLAUS,neighbor:turn_of_month_last1_first3;neighbor:halloween_nov_apr;neighbor:S14,,long the last 5 sessions of December and the first 2 of January; window lengths stated
EXT-170,Sell-in-May Seasonal Regime,Equities/Indices,M1_READY_SINGLE_SYMBOL_LONG_FLAT_DAILY_OHLCV,EXACT_DUPLICATE,DUPLICATE_OF_REGISTERED,,EXISTING_EXACT_ENGINE,,LONG_FLAT,True,,CAL_SELL_IN_MAY,dup:halloween_nov_apr;param:S14,,"long November through April, flat May through October: the registered halloween_nov_apr"
EXT-171,Correlation + Cointegration Z-Score Pairs,Equities/Multi-Asset,NEEDS_MULTI_SYMBOL_PORTFOLIO_ENGINE,GENUINELY_NEW,NEEDS_MULTI_SYMBOL_ENGINE,NEEDS_SHORT_OR_HEDGE,NOT_EXECUTABLE_IN_M1,,MARKET_NEUTRAL,False,PS,PAIRS_COINT,,formation window;hedge ratio;z thresholds,pairs
EXT-172,Kalman-Filter Dynamic Hedge-Ratio Pairs,Equities/Multi-Asset,NEEDS_MULTI_SYMBOL_PORTFOLIO_ENGINE,GENUINELY_NEW,NEEDS_MULTI_SYMBOL_ENGINE,NEEDS_SHORT_OR_HEDGE,NOT_EXECUTABLE_IN_M1,,MARKET_NEUTRAL,False,PS,PAIRS_KALMAN,,noise settings;z-score,pairs
EXT-173,Robust Multi-Asset Trend Following Framework,Cross-Asset,NEEDS_FUTURE_ASSET_SUPPORT,SEMANTIC_VARIANT,FUTURE_MULTI_ASSET,NEEDS_MULTI_SYMBOL_ENGINE;NEEDS_SHORT_OR_HEDGE;ADJACENT_TO_REJECTED,NOT_EXECUTABLE_IN_M1,,LONG_SHORT,False,FPS,TREND_MULTI_ASSET,adj:S01;adj:S02,estimator;horizons;vol target,multi-asset trend
EXT-174,Seasonality as Trade Filter,Multi-Asset,INSUFFICIENTLY_SPECIFIED,GENUINELY_NEW,INSUFFICIENTLY_SPECIFIED,,INSUFFICIENT_SPEC,,OVERLAY,False,U,CAL_FILTER_OVERLAY,neighbor:S14,base strategy;seasonal window;hit-rate threshold,"an overlay on an unspecified base strategy, not a standalone rule"
EXT-175,Monthly Seasonal Selection Rotation,Multi-Asset,NEEDS_MULTI_SYMBOL_PORTFOLIO_ENGINE,GENUINELY_NEW,NEEDS_MULTI_SYMBOL_ENGINE,NEEDS_SHORT_OR_HEDGE,NOT_EXECUTABLE_IN_M1,,LONG_ROTATION,False,PS,SEASONAL_ROTATION,neighbor:S14,seasonal score;history length,cross-sectional seasonal selection
EXT-176,Daily Calendar Seasonality with Entry Timing,Equities/Indices,NEEDS_ADDITIONAL_AUTHORITATIVE_DATA,GENUINELY_NEW,NEEDS_NON_OHLCV_DATA,NEEDS_SHORT_OR_HEDGE;INSUFFICIENTLY_SPECIFIED,MISSING_AUTHORITATIVE_DATA,,LONG_SHORT,False,DSU,CAL_DAILY_HITRATE_TIMING,neighbor:S14,hit-rate rule;intraday entry;exit,needs per-date history and intraday entries
EXT-177,Simple Moving-Average Cross,Multi-Asset,NEEDS_SHORT_OR_BORROW_AUTHORITY,PARAMETER_VARIANT,PARAMETER_VARIANT_OF_TESTED,NEEDS_SHORT_OR_HEDGE;INSUFFICIENTLY_SPECIFIED,REQUIRES_NEW_POLICY,,LONG_SHORT,False,SU,TREND_SMA_CROSS,param:S03;param:dual_sma_50_200_trend,fast and slow SMA periods,SMA crossover; periods not stated
EXT-178,Exponential Moving-Average Cross,Multi-Asset,NEEDS_SHORT_OR_BORROW_AUTHORITY,SEMANTIC_VARIANT,NEEDS_SHORT_OR_HEDGE,ADJACENT_TO_REJECTED;INSUFFICIENTLY_SPECIFIED,REQUIRES_NEW_POLICY,,LONG_SHORT,False,SU,TREND_EMA_CROSS,adj:S03;adj:dual_sma_50_200_trend;neighbor:EXT-177,fast and slow EMA periods,exponential crossover
EXT-179,MACD Crossover Baseline,Multi-Asset,NEEDS_SHORT_OR_BORROW_AUTHORITY,SEMANTIC_VARIANT,NEEDS_SHORT_OR_HEDGE,ADJACENT_TO_REJECTED,REQUIRES_NEW_POLICY,,LONG_SHORT,False,S,TREND_MACD_CROSS,adj:S03;adj:dual_sma_50_200_trend,,"baseline MACD(12,26,9) line/signal crossover is stated; variants are separate identities"
EXT-180,RSI Reversal Baseline,Multi-Asset,NEEDS_SHORT_OR_BORROW_AUTHORITY,SEMANTIC_VARIANT,NEEDS_SHORT_OR_HEDGE,ADJACENT_TO_REJECTED;INSUFFICIENTLY_SPECIFIED,REQUIRES_NEW_POLICY,,LONG_SHORT,False,SU,REVERSION_RSI,adj:S05;adj:trend_filtered_rsi5_reversion_v1,RSI period;thresholds;exit,RSI reversal
EXT-181,New High / New Low Breakout,Multi-Asset,NEEDS_SHORT_OR_BORROW_AUTHORITY,PARAMETER_VARIANT,PARAMETER_VARIANT_OF_TESTED,NEEDS_SHORT_OR_HEDGE;INSUFFICIENTLY_SPECIFIED,REQUIRES_NEW_POLICY,,LONG_SHORT,False,SU,BREAKOUT_NEW_HIGH,param:S04;param:close_channel_100_50_trend_v1;param:trading_range_breakout_50d_hold10,lookback N;exit,N-period new-high breakout
EXT-182,ATR Volatility Breakout,Multi-Asset,NEEDS_SHORT_OR_BORROW_AUTHORITY,SEMANTIC_VARIANT,NEEDS_SHORT_OR_HEDGE,ADJACENT_TO_REJECTED;INSUFFICIENTLY_SPECIFIED,REQUIRES_NEW_POLICY,,LONG_SHORT,False,SU,BREAKOUT_ATR,adj:S13;adj:volatility_contraction_breakout_v1,reference level;ATR length and multiple;stop,ATR breakout
EXT-183,VWAP Trend/Reversion Baseline,Multi-Asset,NEEDS_ADDITIONAL_AUTHORITATIVE_DATA,SEMANTIC_VARIANT,NEEDS_NON_OHLCV_DATA,NEEDS_SHORT_OR_HEDGE;ADJACENT_TO_REJECTED;INSUFFICIENTLY_SPECIFIED,MISSING_AUTHORITATIVE_DATA,,LONG_SHORT,False,DSU,VWAP_TREND_REVERSION,adj:S02;adj:S06,session VWAP;bands,session VWAP needs intraday bars
EXT-184,Grid Trading Baseline,Multi-Asset,NEEDS_FUTURE_ASSET_SUPPORT,GENUINELY_NEW,FUTURE_MULTI_ASSET,NEEDS_SHORT_OR_HEDGE;NEEDS_NEW_EXECUTION_POLICY,NOT_EXECUTABLE_IN_M1,,LONG_SHORT,False,FSX,GRID_TRADING,,spacing;levels;inventory cap,resting grid orders and inventory on FX/crypto
EXT-185,Horizontal/Wedge Compression Breakout,Multi-Asset,NEEDS_SHORT_OR_BORROW_AUTHORITY,SEMANTIC_VARIANT,NEEDS_SHORT_OR_HEDGE,ADJACENT_TO_REJECTED;INSUFFICIENTLY_SPECIFIED,REQUIRES_NEW_POLICY,,LONG_SHORT,False,SU,BREAKOUT_COMPRESSION,adj:volatility_contraction_breakout_v1;adj:S09,compression window;confirmation,compression breakout
EXT-186,BTC Bollinger-or-VWAP/RSI/ADX Breakout,Multi-Asset,NEEDS_FUTURE_ASSET_SUPPORT,SEMANTIC_VARIANT,FUTURE_MULTI_ASSET,NEEDS_SHORT_OR_HEDGE;ADJACENT_TO_REJECTED;INSUFFICIENTLY_SPECIFIED,NOT_EXECUTABLE_IN_M1,,LONG_SHORT,False,FSU,BREAKOUT_BB_VWAP_RSI_ADX,adj:S04,exit rules,crypto instrument
EXT-187,SPY VWAP-ATR Stretch + RSI,Multi-Asset,NEEDS_ADDITIONAL_AUTHORITATIVE_DATA,SEMANTIC_VARIANT,NEEDS_NON_OHLCV_DATA,NEEDS_SHORT_OR_HEDGE;ADJACENT_TO_REJECTED;INSUFFICIENTLY_SPECIFIED,MISSING_AUTHORITATIVE_DATA,,LONG_SHORT,False,DSU,REVERSION_VWAP_ATR_RSI,adj:S06;adj:trend_filtered_zscore20_reversion_v1,VWAP session;time filters;exit,intraday
EXT-188,Nasdaq Breadth + Dual Momentum Leverage States,Multi-Asset,NEEDS_ADDITIONAL_AUTHORITATIVE_DATA,GENUINELY_NEW,NEEDS_NON_OHLCV_DATA,INSUFFICIENTLY_SPECIFIED,MISSING_AUTHORITATIVE_DATA,,LONG_FLAT,True,DU,BREADTH_DUAL_MOMENTUM,neighbor:absolute_momentum_252,breadth thresholds;breadth source,needs constituent breadth and leveraged ETFs
EXT-189,15-Minute Opening Range Breakout,Multi-Asset,NEEDS_ADDITIONAL_AUTHORITATIVE_DATA,GENUINELY_NEW,NEEDS_NON_OHLCV_DATA,NEEDS_SHORT_OR_HEDGE;INSUFFICIENTLY_SPECIFIED,MISSING_AUTHORITATIVE_DATA,,LONG_SHORT,False,DSU,ORB_15M,neighbor:EXT-140,risk-reward multiple,intraday opening range
EXT-190,Crypto Funding-Rate Arbitrage,Multi-Asset,NEEDS_FUTURE_ASSET_SUPPORT,GENUINELY_NEW,FUTURE_MULTI_ASSET,NEEDS_SHORT_OR_HEDGE,NOT_EXECUTABLE_IN_M1,,MARKET_NEUTRAL,False,FS,CRYPTO_FUNDING_ARB,,funding thresholds;costs,crypto spot and perpetuals
EXT-191,Pairs Z-Score + Cointegration Break Stop,Multi-Asset,NEEDS_MULTI_SYMBOL_PORTFOLIO_ENGINE,GENUINELY_NEW,NEEDS_MULTI_SYMBOL_ENGINE,NEEDS_SHORT_OR_HEDGE,NOT_EXECUTABLE_IN_M1,,MARKET_NEUTRAL,False,PS,PAIRS_COINT_STOP,,z entry;stop,pairs
EXT-192,DQN Long/Short Futures Agent,Futures,NEEDS_FUTURE_ASSET_SUPPORT,GENUINELY_NEW,FUTURE_MULTI_ASSET,FUTURE_ML_OR_FACTORY,NOT_EXECUTABLE_IN_M1,,MODEL,False,FL,RL_FUTURES,,architecture;reward,reinforcement learning on futures
EXT-193,Deep RL Crypto Portfolio Weights,Crypto,NEEDS_FUTURE_ASSET_SUPPORT,GENUINELY_NEW,FUTURE_MULTI_ASSET,FUTURE_ML_OR_FACTORY,NOT_EXECUTABLE_IN_M1,,MODEL,False,FL,RL_CRYPTO_PORTFOLIO,,architecture;horizon,crypto portfolio weights
EXT-194,Deep RL Long-Short Portfolio Optimization,Equities,NEEDS_FUTURE_ASSET_SUPPORT,GENUINELY_NEW,FUTURE_MULTI_ASSET,FUTURE_ML_OR_FACTORY,NOT_EXECUTABLE_IN_M1,,MODEL,False,FL,RL_LONG_SHORT_PORTFOLIO,,state tensor;reward,non-US equity universe
EXT-195,Transformer DRL + Black-Litterman Long/Short,Equities,NEEDS_ML_OR_ALT_DATA_FRAMEWORK,GENUINELY_NEW,FUTURE_ML_OR_FACTORY,NEEDS_MULTI_SYMBOL_ENGINE;NEEDS_SHORT_OR_HEDGE,NOT_EXECUTABLE_IN_M1,,MODEL,False,LPS,RL_BLACK_LITTERMAN,,architecture;views,portfolio model
EXT-196,StockNet Text+Price Directional Classifier,Equities,NEEDS_ML_OR_ALT_DATA_FRAMEWORK,GENUINELY_NEW,FUTURE_ML_OR_FACTORY,NEEDS_NON_OHLCV_DATA,NOT_EXECUTABLE_IN_M1,,MODEL,False,LD,NLP_PRICE_CLASSIFIER,,embeddings;model,text and price model
EXT-197,Multimodal Price+Sentiment+News Portfolio Agent,Equities,NEEDS_ML_OR_ALT_DATA_FRAMEWORK,GENUINELY_NEW,FUTURE_ML_OR_FACTORY,NEEDS_NON_OHLCV_DATA,NOT_EXECUTABLE_IN_M1,,MODEL,False,LD,MULTIMODAL_AGENT,,features;policy,multimodal model
EXT-198,High-Frequency DRL Portfolio Management,Multi-Asset,NEEDS_ML_OR_ALT_DATA_FRAMEWORK,GENUINELY_NEW,FUTURE_ML_OR_FACTORY,NEEDS_NON_OHLCV_DATA,NOT_EXECUTABLE_IN_M1,,MODEL,False,LD,RL_HIGH_FREQUENCY,,policy;turnover penalty,high-frequency model
EXT-199,2D Relative-Attentional Transformer Portfolio Optimizer,Equities,NEEDS_ML_OR_ALT_DATA_FRAMEWORK,GENUINELY_NEW,FUTURE_ML_OR_FACTORY,NEEDS_MULTI_SYMBOL_ENGINE;NEEDS_SHORT_OR_HEDGE,NOT_EXECUTABLE_IN_M1,,MODEL,False,LPS,TRANSFORMER_PORTFOLIO,,architecture;constraints,portfolio model
EXT-200,MA 1h/4h Trend + RSI<40; TP 8% / SL 2%; 15m,Crypto,NEEDS_FUTURE_ASSET_SUPPORT,SEMANTIC_VARIANT,FUTURE_MULTI_ASSET,NEEDS_NON_OHLCV_DATA;NEEDS_SHORT_OR_HEDGE;ADJACENT_TO_REJECTED;INSUFFICIENTLY_SPECIFIED,NOT_EXECUTABLE_IN_M1,,LONG_SHORT,False,FDSU,PULLBACK_MA_RSI_TP_SL,adj:trend_pullback_5d_4pct_hold5;adj:S03,MA definitions;context timeframe;fill semantics,"crypto, 15-minute signals, rule known only by a screenshot name"
